id,frbr_uri,title,number,year,status,content_verified,type,issuing_body,source,search_score,snippet,hipotesis
20.0,/akn/id/act/uu/2003/13,Undang-Undang Nomor 13 Tahun 2003 tentang KETENAGAKERJAAN,13,2003,diubah,True,UU,,list_by_year,,,H4
14930.0,/akn/id/act/uu/2003/21,Undang-Undang Nomor 21 Tahun 2003 tentang Pengesahan Ilo Convention No. 81 Concerning Labour Inspection In Industry and Commerce (konvensi Ilo No. 81 Mengenai Pengawasan Ketenagakerjaan dalam Industri dan Perdagangan),21,2003,berlaku,True,UU,,list_by_year,,,H4
14833.0,/akn/id/act/uu/2004/19,Undang-Undang Nomor 19 Tahun 2004 tentang Penetapan Perpu 1-2004 Tentang Perubahan Uu 41-1999 Tentang Kehutanan Menjadi Uu,19,2004,berlaku,True,UU,,list_by_year,,,H4
14838.0,/akn/id/act/uu/2004/18,Undang-Undang Nomor 18 Tahun 2004 tentang Perkebunan,18,2004,berlaku,True,UU,,list_by_year,,,H4
12012.0,/akn/id/act/uu/2006/16,"Undang-Undang Nomor 16 Tahun 2006 tentang Sistem Penyuluhan Pertanian, Perikanan, dan Kehutanan",16,2006,berlaku,True,UU,,list_by_year,,,H4
1222.0,/akn/id/act/uu/2007/28,Undang-Undang Nomor 28 Tahun 2007 tentang Perubahan Ketiga atas Undang-Undang Nomor 6 Tahun 1983 tentang Ketentuan Umum dan Tata Cara Perpajakan,28,2007,berlaku,False,UU,,list_by_year,,,H4
2580.0,/akn/id/act/uu/2007/5,Undang-Undang Nomor 5 Tahun 2007 tentang Pembentukan Kabupaten Batu Bara di Provinsi Sumatera Utara,5,2007,berlaku,True,UU,,list_by_year,,,H4
2426.0,/akn/id/act/uu/2007/30,Undang-Undang Nomor 30 Tahun 2007 tentang Energi,30,2007,berlaku,True,UU,,list_by_year,,,H4
1114.0,/akn/id/act/uu/2007/39,Undang-Undang Nomor 39 Tahun 2007 tentang Perubahan atas Undang-Undang Nomor 11 Tahun 1995 tentang Cukai,39,2007,berlaku,False,UU,,list_by_year,,,H4
2882.0,/akn/id/act/uu/2008/36,Undang-Undang Nomor 36 Tahun 2008 tentang Perubahan Keempat Atas Undang-Undang Nomor 7 Tahun 1983 tentang Pajak Penghasilan,36,2008,berlaku,False,UU,,list_by_year,,,H4
2516.0,/akn/id/act/uu/2009/16,Undang-Undang Nomor 16 Tahun 2009 tentang Penetapan Perpu 5-2008 Tentang Perubahan Keempat Uu 6-1983 Tentang Ketentuan Umum dan Tata Cara Perpajakan Menjadi Uu,16,2009,berlaku,True,UU,,list_by_year,,,H4
1926.0,/akn/id/act/uu/2009/42,Undang-Undang Nomor 42 Tahun 2009 tentang Perubahan Ketiga Atas Undang-undang Nomor 8 Tahun 1983 Tentang Pajak Pertambahan Nilai Barang dan Jasa dan Pajak Penjualan Atas Barang Mewah,42,2009,berlaku,True,UU,,list_by_year,,,H4
217655.0,/akn/id/act/uu/2014/39,Undang-Undang Nomor 39 Tahun 2014 tentang Perkebunan,39,2014,berlaku,False,UU,,list_by_year,,,H4
12.0,/akn/id/act/uu/2016/11,Undang-Undang Nomor 11 Tahun 2016 tentang Pengampunan Pajak,11,2016,berlaku,True,UU,,list_by_year,,,H4
1845.0,/akn/id/act/uu/2016/15,Undang-Undang Nomor 15 Tahun 2016 tentang Pengesahan Maritime Labour Convention 2006 Konvensi Ketenagakerjaan Maritim 2006,15,2016,berlaku,True,UU,,list_by_year,,,H4
2119.0,/akn/id/act/uu/2017/9,Undang-Undang Nomor 9 Tahun 2017 tentang Penetapan Peraturan Pemerintah Pengganti Undang-undang Nomor 1 Tahun 2017 Tentang Akses Informasi Keuangan untuk Kepentingan Perpajakan Menjadi Undang-undang,9,2017,berlaku,True,UU,,list_by_year,,,H4
1219.0,/akn/id/act/uu/2018/9,Undang-Undang Nomor 9 Tahun 2018 tentang Penerimaan Negara Bukan Pajak,9,2018,berlaku,False,UU,,list_by_year,,,H4
1208.0,/akn/id/act/uu/2020/3,Undang-Undang Nomor 3 Tahun 2020 tentang Perubahan atas Undang-Undang Nomor 4 Tahun 2009 tentang Pertambangan Mineral dan Batubara,3,2020,berlaku,False,UU,,list_by_year,,,H4
1829.0,/akn/id/act/uu/2021/7,Undang-Undang Nomor 7 Tahun 2021 tentang Harmonisasi Peraturan Perpajakan,7,2021,berlaku,False,UU,,list_by_year,,,H4
32.0,/akn/id/act/uu/2025/2,Undang-Undang Nomor 2 Tahun 2025 tentang Perubahan Keempat atas Undang-Undang Nomor 4 Tahun 2009 tentang Pertambangan Mineral dan Batubara,2,2025,berlaku,False,UU,,list_by_year,,,H4
,/akn/id/act/pp/2011/49,Peraturan Pemerintah Nomor 49 Tahun 2011 tentang Perubahan  Atas Peraturan Pemerintah Nomor 1 Tahun 2008 Tentang Investasi Pemerintah,49,2011,tidak_berlaku,,PP,,search:investasi,0.0759909,Tahun 2011 Peraturan Pemerintah Nomor 49 Tahun 2011 tentang Perubahan  Atas Peraturan Pemerintah Nomor 1 Tahun 2008 Tentang Investasi Pemerintah PERUBAHAN  ATAS PERATURAN PEMERINTAH NOMOR 1 TAHUN 2008 TENTANG INVESTASI PEMERINTAH,H1
,/akn/id/act/pp/1981/2,Peraturan Pemerintah Nomor 2 Tahun 1981 tentang Pemberian Tambahan Kelonggaran Perpajakan Dalam Rangka Penanaman Modal Dalam Negeri Dan  Penanaman Modal Asing,2,1981,berlaku,,PP,,search:penanaman modal,0.615527,Pemerintah Nomor No 2 Tahun 1981 Peraturan Pemerintah Nomor 2 Tahun 1981 tentang Pemberian Tambahan Kelonggaran Perpajakan Dalam Rangka Penanaman Modal Dalam Negeri Dan  Penanaman Modal Asing PEMBERIAN TAMBAHAN KELONGGARAN PERPAJAKAN DALAM RANGKA PENANAMAN MODAL DALAM NEGERI DAN PENANAMAN MODAL,H1; H4
,/akn/id/act/permenhut/2010/p-01-menhut-ii-2010,Peraturan Menteri Nomor p-01-menhut-ii-2010 Tahun 2010 tentang PENDELEGASIAN WEWENANG PEMBERIAN IZIN USAHA DI BIDANG KEHUTANAN DALAM RANGKA PELAKSANAAN PELAYANAN TERPADU SATU PINTU DI BIDANG PENANAMAN MODAL KEPADA KEPALA BADAN KOORDINASI PENANAMAN MODAL,p-01-menhut-ii-2010,2010,berlaku,,PERMEN,,search:penanaman modal,0.538672,tentang PENDELEGASIAN WEWENANG PEMBERIAN IZIN USAHA DI BIDANG KEHUTANAN DALAM RANGKA PELAKSANAAN PELAYANAN TERPADU SATU PINTU DI BIDANG PENANAMAN MODAL KEPADA KEPALA BADAN KOORDINASI PENANAMAN MODAL PENDELEGASIAN WEWENANG PEMBERIAN IZIN USAHA DI BIDANG KEHUTANAN DALAM RANGKA PELAKSANAAN PELAYANAN TERPADU SATU ... PINTU DI BIDANG PENANAMAN MODAL KEPADA KEPALA BADAN KOORDINASI PENANAMAN MODAL,H1; H3; H4
,/akn/id/act/permen-esdm/2010/05,Peraturan Menteri Nomor 05 Tahun 2010 tentang PENDELEGASIAN WEWENANG PEMBERIAN IZIN USAHA DI BIDANG ENERGI DAN SUMBER DAYA MINERAL DALAM RANGKA PELAKSANAAN PELAYANAN TERPADU SATU PINTU DI BIDANG PENANAMAN MODAL KEPADA KEPALA BADAN KOORDINASI PENANAMAN MODAL,05,2010,berlaku,,PERMEN,,search:penanaman modal,0.536669,PEMBERIAN IZIN USAHA DI BIDANG ENERGI DAN SUMBER DAYA MINERAL DALAM RANGKA PELAKSANAAN PELAYANAN TERPADU SATU PINTU DI BIDANG PENANAMAN MODAL KEPADA KEPALA BADAN KOORDINASI PENANAMAN MODAL PENDELEGASIAN WEWENANG PEMBERIAN IZIN USAHA DI BIDANG ENERGI DAN SUMBER DAYA MINERAL DALAM ... RANGKA PELAKSANAAN PELAYANAN TERPADU SATU PINTU DI BIDANG PENANAMAN MODAL KEPADA KEPALA BADAN KOORDINASI PENANAMAN MODAL,H1; H3; H4
,/akn/id/act/permen-lhk/2019/p-54-menlhk-setjen-kum-1-9-2019,"Peraturan Menteri Nomor p-54-menlhk-setjen-kum-1-9-2019 Tahun 2019 tentang AUDIT KEPATUHAN TERHADAP PEMEGANG IZIN USAHA PEMANFAATAN HASIL HUTAN KAYU, IZIN PEMANFAATAN KAYU, IZIN PINJAM PAKAI KAWASAN HUTAN, HAK GUNA USAHA, DAN IZIN SAH LAINNYA DALAM KEGIATAN PEMANFAATAN HASIL HUTAN KAYU, PENATAUSAHAAN HASIL HUTAN KAYU, DAN PEMBAYARAN PENERIMAAN NEGARA BUKAN PAJAK HASIL HUTAN KAYU",p-54-menlhk-setjen-kum-1-9-2019,2019,berlaku,,PERMEN,,search:perizinan,0.0928561,"Peraturan Menteri Nomor p-54-menlhk-setjen-kum-1-9-2019 Tahun 2019 tentang AUDIT KEPATUHAN TERHADAP PEMEGANG IZIN USAHA PEMANFAATAN HASIL HUTAN KAYU, IZIN PEMANFAATAN KAYU, IZIN PINJAM PAKAI KAWASAN HUTAN, HAK GUNA USAHA, DAN IZIN SAH LAINNYA DALAM ... HUTAN KAYU, PENATAUSAHAAN HASIL HUTAN KAYU, DAN PEMBAYARAN PENERIMAAN NEGARA BUKAN PAJAK HASIL HUTAN KAYU AUDIT KEPATUHAN TERHADAP PEMEGANG IZIN USAHA PEMANFAATAN HASIL HUTAN KAYU, IZIN PEMANFAATAN KAYU, IZIN PINJAM PAKAI KAWASAN HUTAN, HAK GUNA USAHA, DAN IZIN SAH LAINNYA",H3; H4
,/akn/id/act/permenkeu/2021/61-pmk-03-2021,"Peraturan Menteri Nomor 61-pmk-03-2021 Tahun 2021 tentang HAK DAN KEWAJIBAN PERPAJAKAN BAGI PEMEGANG IZIN USAHA PERTAMBANGAN, IZIN USAHA PERTAMBANGAN KHUSUS, IZIN PERTAMBANGAN RAKYAT, IZIN USAHA PERTAMBANGAN KHUSUS OPERASI PRODUKSI SEBAGAI KELANJUTAN OPERASI KONTRAK, ATAU KONTRAK KARYA DALAM RANGKA KERJA SAMA DI BIDANG USAHA PERTAMBANGAN MINERAL",61-pmk-03-2021,2021,berlaku,,PERMEN,,search:perizinan,0.0928561,"Tahun 2021 Peraturan Menteri Nomor 61-pmk-03-2021 Tahun 2021 tentang HAK DAN KEWAJIBAN PERPAJAKAN BAGI PEMEGANG IZIN USAHA PERTAMBANGAN, IZIN USAHA PERTAMBANGAN KHUSUS, IZIN PERTAMBANGAN RAKYAT, IZIN USAHA PERTAMBANGAN KHUSUS OPERASI PRODUKSI SEBAGAI KELANJUTAN OPERASI KONTRAK, ATAU KONTRAK ... KARYA DALAM RANGKA KERJA SAMA DI BIDANG USAHA PERTAMBANGAN MINERAL HAK DAN KEWAJIBAN PERPAJAKAN BAGI PEMEGANG IZIN USAHA PERTAMBANGAN, IZIN USAHA PERTAMBANGAN KHUSUS, IZIN PERTAMBANGAN RAKYAT, IZIN USAHA PERTAMBANGAN KHUSUS OPERASI PRODUKSI SEBAGAI KELANJUTAN OPERASI KONTRAK, ATAU KONTRAK KARYA DALAM",H3; H4
,/akn/id/act/permen-lhk/2017/p-32-menlhk-setjen-kum-1-5-2017,"Peraturan Menteri Nomor p-32-menlhk-setjen-kum-1-5-2017 Tahun 2017 tentang Perubahan Atas Peraturan Menteri Lingkungan Hidup dan Kehutanan Nomor P.9/MENLHK-II/2015 tentang Tata Cara Pemberian, Perluasan Areal Kerja dan Perpanjangan  Izin Usaha Pemanfaatan Hasil Hutan Kayu Dalam Hutan Alam, Izin Usaha Pemanfaatan Hasil Hutan Kayu Restorasi Ekosistem Atau Izin Usaha Pemanfaatan Hasil Hutan Kayu  Hutan Tanaman Industri Pada Hutan Produksi",p-32-menlhk-setjen-kum-1-5-2017,2017,berlaku,,PERMEN,,search:perizinan,0.0906656,"Perubahan Atas Peraturan Menteri Lingkungan Hidup dan Kehutanan Nomor P.9/MENLHK-II/2015 tentang Tata Cara Pemberian, Perluasan Areal Kerja dan Perpanjangan  Izin Usaha Pemanfaatan Hasil Hutan Kayu Dalam Hutan Alam, Izin Usaha Pemanfaatan Hasil Hutan Kayu Restorasi Ekosistem Atau Izin Usaha Pemanfaatan ... Perubahan Atas Peraturan Menteri Lingkungan Hidup dan Kehutanan Nomor P.9/MENLHK-II/2015 tentang Tata Cara Pemberian, Perluasan Areal Kerja dan Perpanjangan  Izin Usaha Pemanfaatan Hasil Hutan Kayu Dalam Hutan Alam, Izin Usaha Pemanfaatan Hasil Hutan Kayu Restorasi Ekosistem Atau Izin Usaha Pemanfaatan",H3; H4
,/akn/id/act/permen-lhk/2019/p-19-menlhk-setjen-kum-1-4-2019,"Peraturan Menteri Nomor p-19-menlhk-setjen-kum-1-4-2019 Tahun 2019 tentang PERUBAHAN ATAS PERATURAN MENTERI LINGKUNGAN HIDUP DAN KEHUTANAN NOMOR P.28/MENLHK/SETJEN/KUM.1/7/2018 TENTANG TATA CARA PEMBERIAN, PERLUASAN AREAL KERJA DAN PERPANJANGAN IZIN USAHA PEMANFAATAN HASIL HUTAN KAYU DALAM HUTAN ALAM, IZIN USAHA PEMANFAATAN HASIL HUTAN KAYU RESTORASI EKOSISTEM ATAU IZIN USAHA PEMANFAATAN HASIL HUTAN KAYU HUTAN TANAMAN INDUSTRI PADA HUTAN PRODUKSI",p-19-menlhk-setjen-kum-1-4-2019,2019,berlaku,,PERMEN,,search:perizinan,0.0906656,"PERUBAHAN ATAS PERATURAN MENTERI LINGKUNGAN HIDUP DAN KEHUTANAN NOMOR P.28/MENLHK/SETJEN/KUM.1/7/2018 TENTANG TATA CARA PEMBERIAN, PERLUASAN AREAL KERJA DAN PERPANJANGAN IZIN USAHA PEMANFAATAN HASIL HUTAN KAYU DALAM HUTAN ALAM, IZIN USAHA PEMANFAATAN HASIL HUTAN KAYU RESTORASI EKOSISTEM ATAU IZIN USAHA PEMANFAATAN ... PERUBAHAN ATAS PERATURAN MENTERI LINGKUNGAN HIDUP DAN KEHUTANAN NOMOR P.28/MENLHK/SETJEN/KUM.1/7/2018 TENTANG TATA CARA PEMBERIAN, PERLUASAN AREAL KERJA DAN PERPANJANGAN IZIN USAHA PEMANFAATAN HASIL HUTAN KAYU DALAM HUTAN ALAM, IZIN USAHA PEMANFAATAN HASIL HUTAN KAYU RESTORASI EKOSISTEM ATAU IZIN USAHA PEMANFAATAN",H3; H4
,/akn/id/act/pp/2021/9,Peraturan Pemerintah Nomor 9 Tahun 2021 tentang Perlakuan Perpajakan Untuk Mendukung Kemudahan Berusaha,9,2021,berlaku,,PP,,search:cipta kerja,0.413423,"Dalam rangka mendukung cipta kerja yang memerlukan
penyesuaian berbagai aspek pengaturan yang berkaitan dengan
kemudahan, perlindungan dan pemberdayaan koperasi dan usaha mikro,
kecil dan menengah, peningkatan ekosistem investasi, dan percepatan
proyek str ategis nasional, termasuk peningkatan perlindungan dan
kesejahteraan pekerja ... telah diundangkan Undang-Undang Nomor 11
Tahun 2020 tentang Cipta Kerja (Undang-Undang Cipta Kerja).
Undang-Undang Cipta Kerja antara lain telah mengubah 3 (tiga)
Und ang-Undang di bidang perpajakan , yaitu Undang-Undang Pajak
Penghasilan, Undang-Undang Pajak Pertambahan",H3; H4
,/akn/id/act/perda-kabupaten-bojonegoro/2021/5,Peraturan Daerah Nomor 5 Tahun 2021 tentang RENCANA TATA RUANG WILAYAH KABUPATEN BOJONEGORO TAHUN 2021-2041,5,2021,berlaku,,PERDA,,search:cipta kerja,0.444159,"ruang yang dilaksanakan pemerintah, masyarakat, dan/atau dunia usaha;
c. bahwa dengan ditetapkannya Undang-Undang Nomor 11 Tahun 2020 tentang Cipta Kerja dan Peraturan Pemerintah Nomor 13 Tahun 2017 tentang Rencana Tata Ruang Wilayah Nasional, maka perlu dijabarkan ke dalam rencana ... Tambahan Lembaran Negara Republik Indonesia Nomor 3881) sebagaimana telah diubah dengan Undang-Undang Nomor 11 Tahun 2020 tentang Cipta Kerja (Lembaran Negara Republik Indonesia Tahun 2020 Nomor 245, Tambahan Lembaran Negara Republik Indonesia Nomor 6573);
6. Undang-Undang Nomor",H4
,/akn/id/act/permen-atrbpn/2025/10,Peraturan Menteri Nomor 10 Tahun 2025 tentang Rencana Tata Ruang Wilayah Kabupaten Banyumas,10,2025,berlaku,,PERMEN,,search:cipta kerja,0.387921,"Jalan Banyumas Provinsi , Kementerian Pekerjaan Umum Kolektor Primer lainnya APBD Kabupaten Pemerintah Provinsi:
Dinas PU Bina Marga Cipta Karya Pemerintah Kabupaten:
Dinas Pekerjaan Umum A. 2. 1. 1. 1. 2. 4 Pembangunan fly over atau Kecamatan APBD Pemerintah Kabupaten :
underpass ... Pemerintah Kabupaten :
daya manusia lokal untuk Ajibarang; Kabupaten 1. Dinperindag mendukung penyediaan b. Kecamatan 2. Dinas Tenaga Kerja, Koperasi, dan tenaga kerja. Jatilawang; UKM ( Dinakerkop UKM )
c. Kecamatan Kalibagor ;
d. Kecamatan Lumbir;
e. Kecamatan Rawalo; dan
f. Kecamatan Wangon",H4
,/akn/id/act/permenaker/2025/9,Peraturan Menteri Nomor 9 Tahun 2025 tentang Rencana Strategis Kementerian Ketenagakerjaan Tahun 2025 2029,9,2025,berlaku,,PERMEN,,search:cipta kerja,0.359845,"kerja, mobilitas pekerjaan, hingga fase transisi seperti kehilangan pekerjaan, pensiun, atau berganti sektor.
Pendekatan ini berlaku tidak hanya bagi pekerja atau pencari kerja, tetapi juga bagi pemb eri kerja. Setiap pelaku usaha menghadapi siklus dinamis yang memengaruhi kebutuhan tenaga kerja ... Tenaga Kerja Penempatan Ketenagakerjaan Penempatan Tenaga Kerja Tenaga Kerja dan Pemberdayaan Tenaga Kerja Perluasan Direktorat Kesempatan Kerja Perluasan Kesempatan Kerja Balai Besar Pengemb angan Pasar Kerja dan Perluasan Peningkatan Direk torat Pengendalian Pengendalia n Penggunaan TKA Penggunaan Tenaga Kerja Asing",H4
,/akn/id/act/permenkeu/2025/15,Peraturan Menteri Nomor 15 Tahun 2025 tentang RPMK tentang Pemeriksaan Pajak,15,2025,berlaku,,PERMEN,,search:cipta kerja,0.323937,"Undang-Undang Nomor 6 Tahun 2023 Penetapan Peraturan Pemerintah Pengganti Un-dang-Undan g Nomor 2 Tahun 2022 tentang Cipta Kerja Menjadi Undang-Undang.
Pasfoto (4) ……………, …………… (10) …………………………. (11) …………………………. (12) Tanda Tangan: NIP …………………………….
…………………………………………………... (5)

TANDA PENGENAL PEMERIKSA PAJAK Bentuk : persegi empat ... dengan Undang-Undang Nomor 6 Tahun 2023 tentang Penetapan Peraturan Pemerintah Pengganti Undang-Undang Nomor 2 Tahun 2022 tentang Cipta Kerja Menjadi Undang-Undang.
MEMERINTAHKAN:
Kepada : No Nama NIP Pangkat/ Jabatan Golongan
(4) (5) (6) (7) (8) Untuk : 1. melakukan",H4
,/akn/id/act/perpres/2025/94,Peraturan Presiden Nomor 94 Tahun 2025 tentang Layanan Digital Terpadu Pada Komoditas Mineral dan Batubara,94,2025,berlaku,,PERPRES,,search:minerba,0.0379954,"PRESIDEN NEPUBLIK INDONESIA -12- (41 Apabila kendala teknis dimaksud sebagaimana pada ayat (1) telah berakhir, pengelola Layanan Digital Terpadu Minerba sebagaimana dimaksud dalam pasal 5 ayat (3 ) menyampaikan pemberitahuan berlakunya kembali Layanan Digital Terpadu Minerba kepada menteri sebagaimana dimaksud dalam",H4
,/akn/id/act/permen-esdm/2025/20,Peraturan Menteri Nomor 20 Tahun 2025 tentang Rencana Strategis Kementerian Energi dan Sumber Daya Mineral Tahun 2025 2029,20,2025,berlaku,,PERMEN,,search:minerba,0.0468033,"industrialisasi minerba melalui teknologi yang mutakhir .
10. Mengoptimalkan produksi minerba melalui penggunaan teknologi yang mutakhir .
11. Meningkatkan pengelolaan data cadangan minerba melalui teknologi cerdas dan mutakhir .
12. Mendorong integrasi antara tambang dan smelter dalam pengelolaan minerba untuk mengamankan bahan baku ... Indeks (Skala 100)) DBT Sasaran Program 4 Pembinaan dan Pengawasan Minerba yang Efektif serta Pengelolaan Lingkungan Hidup Minerba yang Berkualitas 1 Indeks Pembinaan dan DBP Pengawasan Subsektor DBM Minerba (Indeks (Skala Pusat",H4
,/akn/id/act/permen-esdm/2014/38,Peraturan Menteri Nomor 38 Tahun 2014 tentang PENERAPAN SISTEM MANAJEMEN KESELAMATAN PERTAMBANGAN MINERAL DAN BATUBARA,38,2014,berlaku,,PERMEN,,search:minerba,0.0413728,Hasil pelaksanaan audit internal dan/atau audit eksternal penerapan SMKP Minerba sebagaimana dimaksud pada ayat (2) dapat menjadi dasar bagi KAIT dalam menetapkan tingkat pencapaian penerapan SMKP Minerba dan memberikan rekomendasi dalam rangka mencapai tujuan penerapan SMKP Minerba,H4
,/akn/id/act/permenkop/2025/12,Peraturan Menteri Nomor 12 Tahun 2025 tentang Pelaksanaan Kegiatan Usaha Pertambangan Mineral Logam dan Batubara Koperasi,12,2025,berlaku,,PERMEN,,search:minerba,0.0379954,"Salinan keputusan pengesahan pendirian/PAD; ditolak
3. Salinan NIB; diterima
4. Surat keterangan domisili Koperasi;
5. Rencana usaha kegiatan tambang minerba; 1 hari
6. Denah WIUP yang akan dikelola; Menteri
7. Surat pernyataan kesanggupan untuk mematuhi ketentuan perundang-Menerbitkan SLVA undangan ... bidang pengelolaan lingk ungan hidup, pertambangan minerba;
Notifikasi
8. daftar anggota Koperasi yang dilegalisasi oleh Pengurus yang menunjukkan domisili Anggota ; Penolakan
9. salinan KTP atau surat keterangan domisili Anggota ;
10. berita acara Rapat Anggota atau keputusan Rapat Anggota yang menyetujui",H4
,/akn/id/act/permendag/2018/32,Peraturan Menteri Nomor 32 Tahun 2018 tentang Ketentuan Ekspor Produk Industri Pertambangan Sebagai Barang Contoh untuk Keperluan Penelitian dan Pengembangan Teknologi Pengolahan dan/atau Pemurnian,32,2018,berlaku,,PERMEN,,search:minerba,0.0379954,"Jumlah Muat Ekspor PEB Volum e Nilai Jakarta,...................................
PT/CV....................................
(Direktur) (Nama Jelas dan Tanda Tangan) Tembusan :
Dirjen Minerba, Kementerian Energi dan Sumber Daya Mineral;

-------------------------- ---------------- ----------- MENTERI PERDAGANGAN REPUBLIK INDONESIA, ttd.
ENGGARTIASTO LUKITA

KETENTUAN EKSPOR PRODUK INDUSTRI PERTAMBANGAN SEBAGAI BARANG CONTOH UNTUK ... Jumlah Muat Ekspor PEB Volum e Nilai Jakarta,...................................
PT/CV....................................
(Direktur) (Nama Jelas dan Tanda Tangan) Tembusan :
Dirjen Minerba, Kementerian Energi dan Sumber Daya Mineral;

-------------------------- ---------------- ----------- MENTERI PERDAGANGAN REPUBLIK INDONESIA, ttd.
ENGGARTIASTO LUKITA

PEMURNIAN REKAPI TULASI LAPORAN SURVEYOR EKSPOR BARANG CONTOH HARGA",H4
,/akn/id/act/permendag/2012/29-m-dag-per-5-2012,Peraturan Menteri Nomor 29-m-dag-per-5-2012 Tahun 2012 tentang KETENTUAN EKSPOR PRODUK PERTAMBANGAN,29-m-dag-per-5-2012,2012,berlaku,,PERMEN,,search:minerba,0.0303964,dimaksud pada ayat (1) disampaikan kepada Direktur Jenderal dalam hal ini Direktur Ekspor Produk Industri dan Pertambangan dan Dirjen Minerba dalam hal ini Direktur Pembinaan Pengusahaan Mineral pada minggu pertama bulan berikutnya,H4
,/akn/id/act/permen-esdm/2013/25,"Peraturan Menteri Nomor 25 Tahun 2013 tentang PERUBAHAN ATAS PERATURAN MENTERI ENERGI DAN SUMBER DAYA MINERAL NOMOR 32 TAHUN 2008 TENTANG PENYEDIAAN, PEMANFAATAN, DAN TATA NIAGA BAHAN BAKAR NABATI (BIOFUEL) SEBAGAI BAHAN BAKAR LAIN",25,2013,berlaku,,PERMEN,,search:minerba,0.0303964,Direktur Jenderal dan Dirjen Minerba melakukan pembinaan atas pelaksanaan kewajiban pemanfaatan Bahan Bakar Nabati ( Biofuel,H4
,/akn/id/act/pp/1998/58,Peraturan Pemerintah Nomor 58 Tahun 1998 tentang Tarif Atas Jenis Penerimaan Negara Bukan Pajak Yang Berlaku Pada Departemen Pertambangan Dan Energi Di Bidang Pertambangan Umum,58,1998,tidak_berlaku,,PP,,search:pertambangan,0.0865452,Peraturan Pemerintah Nomor 58 Tahun 1998 tentang Tarif Atas Jenis Penerimaan Negara Bukan Pajak Yang Berlaku Pada Departemen Pertambangan Dan Energi Di Bidang Pertambangan Umum TARIF ATAS JENIS PENERIMAAN NEGARA BUKAN PAJAK YANG BERLAKU PADA DEPARTEMEN PERTAMBANGAN DAN ENERGI ... BIDANG PERTAMBANGAN UMUM,H4
,/akn/id/act/pp/1962/37,"Peraturan Pemerintah Nomor 37 Tahun 1962 tentang Peleburan P.T. Perusahaan Pembangunan Pertambangan Kedalam
Badan Pimpinan Umum Perusahaan-Perusahaan Tambang Umum Negara",37,1962,berlaku,,PP,,search:pertambangan,0.0865452,"Peraturan Pemerintah Nomor No 37 Tahun 1962 Peraturan Pemerintah Nomor 37 Tahun 1962 tentang Peleburan P.T. Perusahaan Pembangunan Pertambangan Kedalam
Badan Pimpinan Umum Perusahaan-Perusahaan Tambang Umum Negara PELEBURAN P.T. PERUSAHAAN PEMBANGUNAN PERTAMBANGAN KEDALAM BADAN PIMPINAN UMUM PERUSAHAAN-PERUSAHAAN TAMBANG",H4
,/akn/id/act/pp/1947/12,Peraturan Pemerintah Nomor 12 Tahun 1947 tentang Pembentukan Badan Exploitasi Tambang Negara sebagai Badan Pemerintahan Sentral yang Mengurus dan Mengatur Exploitasi Pertambangan.,12,1947,berlaku,,PP,,search:pertambangan,0.0827456,Peraturan Pemerintah Nomor No 12 Tahun 1947 Peraturan Pemerintah Nomor 12 Tahun 1947 tentang Pembentukan Badan Exploitasi Tambang Negara sebagai Badan Pemerintahan Sentral yang Mengurus dan Mengatur Exploitasi Pertambangan. PERATURAN BADAN EXPLOITASI TAMBANG NEGARA,H4
,/akn/id/act/pp/2000/13,Peraturan Pemerintah Nomor 13 Tahun 2000 tentang Perubahan Atas Peraturan Pemerintah Nomor 58 Tahun 1998 Tentang Tarif Atas Jenis Penerimaan Negara Bukan Pajak Yang Berlaku Pada Departemen Pertambangan Dan Energi Di Bidang Pertambangan Umum,13,2000,tidak_berlaku,,PP,,search:pertambangan,0.0827456,Atas Peraturan Pemerintah Nomor 58 Tahun 1998 Tentang Tarif Atas Jenis Penerimaan Negara Bukan Pajak Yang Berlaku Pada Departemen Pertambangan Dan Energi Di Bidang Pertambangan Umum PERUBAHAN PP 58-1998 TENTANG TARIF ATAS JENIS PENERIMAAN NEGARA BUKAN PAJAK YANG BERLAKU ... PADA DEPARTEMEN PERTAMBAHAN DAN ENERGI DI BIDANG PERTAMBANGAN UMUM,H4
,/akn/id/act/pp/1961/198,Peraturan Pemerintah Nomor 198 Tahun 1961 tentang Pendirian Perusahaan Negara Pertambangan Minyak Nasional,198,1961,tidak_berlaku,,PP,,search:pertambangan,0.0759909,Peraturan Pemerintah Nomor No 198 Tahun 1961 Peraturan Pemerintah Nomor 198 Tahun 1961 tentang Pendirian Perusahaan Negara Pertambangan Minyak Nasional PENDIRIAN PERUSAHAAN NEGARA PERTAMBANGAN MINYAK NASIONAL,H4
,/akn/id/act/pp/1986/37,Peraturan Pemerintah Nomor 37 Tahun 1986 tentang Penyerahan Sebagian Urusan Pemerintah di Bidang Pertambangan Kepada Pemerintah Daerah Tingkat I,37,1986,tidak_berlaku,,PP,,search:pertambangan,0.0759909,Pemerintah Nomor No 37 Tahun 1986 Peraturan Pemerintah Nomor 37 Tahun 1986 tentang Penyerahan Sebagian Urusan Pemerintah di Bidang Pertambangan Kepada Pemerintah Daerah Tingkat I PENYERAHAN SEBAGIAN URUSAN PEMERINTAH DI BIDANG PERTAMBANGAN KEPADA PEMERINTAH DAERAH TINGKAT,H4
,/akn/id/act/pp/2023/25,Peraturan Pemerintah Nomor 25 Tahun 2023 tentang WILAYAH PERTAMBANGAN,25,2023,berlaku,,PP,,search:pertambangan,0.0759909,Peraturan Pemerintah Nomor No 25 Tahun 2023 Peraturan Pemerintah Nomor 25 Tahun 2023 tentang WILAYAH PERTAMBANGAN WILAYAH PERTAMBANGAN,H4
,/akn/id/act/pp/1961/199,Peraturan Pemerintah Nomor 199 Tahun 1961 tentang Pendirian Perusahaan Negara Pertambangan Minyak  Dan Gas Nasional,199,1961,tidak_berlaku,,PP,,search:pertambangan,0.0759909,Peraturan Pemerintah Nomor No 199 Tahun 1961 Peraturan Pemerintah Nomor 199 Tahun 1961 tentang Pendirian Perusahaan Negara Pertambangan Minyak  Dan Gas Nasional PENDIRIAN PERUSAHAAN NEGARA PERTAMBANGAN MINYAK DAN GAS NASIONAL,H4
,/akn/id/act/pp/1985/45,Peraturan Pemerintah Nomor 45 Tahun 1985 tentang Barang yang Digunakan Untuk Operasi Pertambangan  Minyak dan Gas Bumi,45,1985,berlaku,,PP,,search:pertambangan,0.0759909,Peraturan Pemerintah Nomor No 45 Tahun 1985 Peraturan Pemerintah Nomor 45 Tahun 1985 tentang Barang yang Digunakan Untuk Operasi Pertambangan  Minyak dan Gas Bumi BARANG YANG DIGUNAKAN UNTUK OPERASI PERTAMBANGAN MINYAK DAN GAS BUMI,H4
,/akn/id/act/pp/2022/52,Peraturan Pemerintah Nomor 52 Tahun 2022 tentang Keselamatan dan Keamanan Pertambangan Bahan Galian Nuklir,52,2022,berlaku,,PP,,search:pertambangan,0.0759909,Peraturan Pemerintah Nomor No 52 Tahun 2022 Peraturan Pemerintah Nomor 52 Tahun 2022 tentang Keselamatan dan Keamanan Pertambangan Bahan Galian Nuklir KESELAMATAN DAN KEAMANAN PERTAMBANGAN BAHAN GALIAN NUKLIR,H4
,/akn/id/act/pp/1976/3,Peraturan Pemerintah Nomor 3 Tahun 1976 tentang Pengalihan Bentuk Perusahaan Negara Tambang Timah Menjadi Perusahaan Perseroan (Persero),3,1976,tidak_berlaku,,PP,,search:pertambangan,0.0759909,Peraturan Pemerintah Nomor No 3 Tahun 1976 Peraturan Pemerintah Nomor 3 Tahun 1976 tentang Pengalihan Bentuk Perusahaan Negara Tambang Timah Menjadi Perusahaan Perseroan (Persero) PENGALIHAN BENTUK PERUSAHAAN NEGARA TAMBANG TIMAH MENJADI PERUSAHAAN PERSEROAN (PERSERO,H1
,/akn/id/act/pp/1966/9,Peraturan Pemerintah Nomor 9 Tahun 1966 tentang Pembubaran Perusahaan Negara Pertambangan Minyak Dan Gas Nasional (P.N. Permigan) Termaksud Dalam Peraturan Pemerintah Nomor 199 Tahun 1961,9,1966,berlaku,,PP,,search:pertambangan,0.0759909,Peraturan Pemerintah Nomor No 9 Tahun 1966 Peraturan Pemerintah Nomor 9 Tahun 1966 tentang Pembubaran Perusahaan Negara Pertambangan Minyak Dan Gas Nasional (P.N. Permigan) Termaksud Dalam Peraturan Pemerintah Nomor 199 Tahun 1961 PEMBUBARAN PERUSAHAAN NEGARA PERTAMBANGAN MINYAK DAN GAS NASIONAL,H4
,/akn/id/act/perpres/2022/55,Peraturan Presiden Nomor 55 Tahun 2022 tentang Pendelegasian Pemberian Perizinan Berusaha di Bidang Pertambangan Mineral dan Batubara,55,2022,berlaku,,PERPRES,,search:pertambangan,0.0759909,Presiden Nomor No 55 Tahun 2022 Peraturan Presiden Nomor 55 Tahun 2022 tentang Pendelegasian Pemberian Perizinan Berusaha di Bidang Pertambangan Mineral dan Batubara PENDELEGASIAN PEMBERIAN PERIZINAN BERUSAHA DI BIDANG PERTAMBANGAN MINERAL DAN BATUBARA,H3; H4
,/akn/id/act/permen-esdm/2013/28,Peraturan Menteri Nomor 28 Tahun 2013 tentang TATA CARA LELANG WILAYAH IZIN USAHA PERTAMBANGAN DAN WILAYAH IZIN USAHA PERTAMBANGAN KHUSUS PADA KEGIATAN USAHA PERTAMBANGAN MINERAL LOGAM DAN BATUBARA,28,2013,berlaku,,PERMEN,,search:pertambangan,0.0906656,Menteri Nomor No 28 Tahun 2013 Peraturan Menteri Nomor 28 Tahun 2013 tentang TATA CARA LELANG WILAYAH IZIN USAHA PERTAMBANGAN DAN WILAYAH IZIN USAHA PERTAMBANGAN KHUSUS PADA KEGIATAN USAHA PERTAMBANGAN MINERAL LOGAM DAN BATUBARA TATA CARA LELANG WILAYAH IZIN USAHA ... PERTAMBANGAN DAN WILAYAH IZIN USAHA PERTAMBANGAN KHUSUS PADA KEGIATAN USAHA PERTAMBANGAN MINERAL LOGAM DAN BATUBARA,H3; H4
,/akn/id/act/perppu/2000/3,Peraturan Pemerintah Pengganti Undang-Undang Nomor 3 Tahun 2000 tentang Perubahan Uu 11-1998 Tentang Perubahan Berlakunya Uu 25-1997 Tentang Ketenagakerjaan,3,2000,berlaku,,PERPPU,,search:ketenagakerjaan,0.0759909,Pengganti Undang-Undang Nomor 3 Tahun 2000 tentang Perubahan Uu 11-1998 Tentang Perubahan Berlakunya Uu 25-1997 Tentang Ketenagakerjaan PERUBAHAN UU 11-1998 TENTANG PERUBAHAN BERLAKUNYA UU 25-1997 TENTANG KETENAGAKERJAAN,H4
,/akn/id/act/pp/2013/83,Peraturan Pemerintah Nomor 83 Tahun 2013 tentang Modal Awal Untuk Badan Penyelenggara Jaminan Sosial Ketenagakerjaan,83,2013,berlaku,,PP,,search:ketenagakerjaan,0.0759909,Nomor No 83 Tahun 2013 Peraturan Pemerintah Nomor 83 Tahun 2013 tentang Modal Awal Untuk Badan Penyelenggara Jaminan Sosial Ketenagakerjaan MODAL AWAL UNTUK BADAN PENYELENGGARA JAMINAN SOSIAL KETENAGAKERJAAN,H4
,/akn/id/act/pp/2013/99,Peraturan Pemerintah Nomor 99 Tahun 2013 tentang Pengelolaan Aset Jaminan Sosial Ketenagakerjaan,99,2013,berlaku,,PP,,search:ketenagakerjaan,0.0759909,Peraturan Pemerintah Nomor No 99 Tahun 2013 Peraturan Pemerintah Nomor 99 Tahun 2013 tentang Pengelolaan Aset Jaminan Sosial Ketenagakerjaan PENGELOLAAN ASET JAMINAN SOSIAL KETENAGAKERJAAN,H4
,/akn/id/act/perpres/2017/67,Peraturan Presiden Nomor 67 Tahun 2017 tentang Tunjangan Kinerja Pegawai di Lingkungan Kementerian Ketenagakerjaan,67,2017,berlaku,,PERPRES,,search:ketenagakerjaan,0.0759909,Presiden Nomor No 67 Tahun 2017 Peraturan Presiden Nomor 67 Tahun 2017 tentang Tunjangan Kinerja Pegawai di Lingkungan Kementerian Ketenagakerjaan Tunjangan Kinerja Pegawai di Lingkungan Kementerian Ketenagakerjaan,H4
,/akn/id/act/perpres/2015/142,Peraturan Presiden Nomor 142 Tahun 2015 tentang Tunjangan Kinerja Pegawai di Lingkungan Kementerian Ketenagakerjaan,142,2015,berlaku,,PERPRES,,search:ketenagakerjaan,0.0759909,Presiden Nomor No 142 Tahun 2015 Peraturan Presiden Nomor 142 Tahun 2015 tentang Tunjangan Kinerja Pegawai di Lingkungan Kementerian Ketenagakerjaan TUNJANGAN KINERJA PEGAWAI DI LINGKUNGAN KEMENTERIAN KETENAGAKERJAAN,H4
,/akn/id/act/perpres/2018/93,Peraturan Presiden Nomor 93 Tahun 2018 tentang Perubahan Atas Peraturan Presiden Nomor 67 Tahun 2017 Tentang Tunjangan Kinerja Pegawai di Lingkungan Kementerian Ketenagakerjaan,93,2018,berlaku,,PERPRES,,search:ketenagakerjaan,0.0759909,Tahun 2018 tentang Perubahan Atas Peraturan Presiden Nomor 67 Tahun 2017 Tentang Tunjangan Kinerja Pegawai di Lingkungan Kementerian Ketenagakerjaan Perubahan Atas Peraturan Presiden Nomor 67 Tahun 2017 tentang Tunjangan Kinerja Pegawai di Lingkungan Kementerian Ketenagakerjaan,H4
,/akn/id/act/permenaker/2019/6,Peraturan Menteri Nomor 6 Tahun 2019 tentang PERUBAHAN ATAS PERATURAN MENTERI KETENAGAKERJAAN NOMOR 25 TAHUN 2018 TENTANG PEDOMAN PENYALURAN BANTUAN PEMERINTAH BIDANG KETENAGAKERJAAN,6,2019,berlaku,,PERMEN,,search:ketenagakerjaan,0.0865452,PERMEN Peraturan Menteri Nomor No 6 Tahun 2019 Peraturan Menteri Nomor 6 Tahun 2019 tentang PERUBAHAN ATAS PERATURAN MENTERI KETENAGAKERJAAN NOMOR 25 TAHUN 2018 TENTANG PEDOMAN PENYALURAN BANTUAN PEMERINTAH BIDANG KETENAGAKERJAAN PERUBAHAN ATAS PERATURAN MENTERI KETENAGAKERJAAN NOMOR 25 TAHUN ... TENTANG PEDOMAN PENYALURAN BANTUAN PEMERINTAH BIDANG KETENAGAKERJAAN,H4
,/akn/id/act/permenaker/2024/7,Peraturan Menteri Nomor 7 Tahun 2024 tentang Perubahan Atas Peraturan Menteri Ketenagakerjaan Nomor 13 Tahun 2023 tentang Pedoman Penyaluran Bantuan Pemerintah di Kementerian Ketenagakerjaan Tahun Anggaran 2024,7,2024,berlaku,,PERMEN,,search:ketenagakerjaan,0.0865452,PERMEN Peraturan Menteri Nomor No 7 Tahun 2024 Peraturan Menteri Nomor 7 Tahun 2024 tentang Perubahan Atas Peraturan Menteri Ketenagakerjaan Nomor 13 Tahun 2023 tentang Pedoman Penyaluran Bantuan Pemerintah di Kementerian Ketenagakerjaan Tahun Anggaran 2024 Perubahan Atas Peraturan Menteri Ketenagakerjaan ... Nomor 13 Tahun 2023 tentang Pedoman Penyaluran Bantuan Pemerintah di Kementerian Ketenagakerjaan Tahun Anggaran,H4
,/akn/id/act/permenaker/2019/5,Peraturan Menteri Nomor 5 Tahun 2019 tentang PERUBAHAN ATAS PERATURAN MENTERI KETENAGAKERJAAN NOMOR 24 TAHUN 2018 TENTANG PELAKSANAAN TUGAS PEMBANTUAN KEMENTERIAN KETENAGAKERJAAN TAHUN ANGGARAN 2019,5,2019,berlaku,,PERMEN,,search:ketenagakerjaan,0.0865452,PERMEN Peraturan Menteri Nomor No 5 Tahun 2019 Peraturan Menteri Nomor 5 Tahun 2019 tentang PERUBAHAN ATAS PERATURAN MENTERI KETENAGAKERJAAN NOMOR 24 TAHUN 2018 TENTANG PELAKSANAAN TUGAS PEMBANTUAN KEMENTERIAN KETENAGAKERJAAN TAHUN ANGGARAN 2019 PERUBAHAN ATAS PERATURAN MENTERI KETENAGAKERJAAN NOMOR ... TAHUN 2018 TENTANG PELAKSANAAN TUGAS PEMBANTUAN KEMENTERIAN KETENAGAKERJAAN TAHUN ANGGARAN,H4
,/akn/id/act/permenaker/2020/11,"Peraturan Menteri Nomor 11 Tahun 2020 tentang PERUBAHAN ATAS PERATURAN MENTERI KETENAGAKERJAAN NOMOR 14 TAHUN 2019 TENTANG PEDOMAN PENERAPAN, PENILAIAN, DAN REVIU PENGENDALIAN INTERN ATAS PELAPORAN KEUANGAN KEMENTERIAN KETENAGAKERJAAN",11,2020,berlaku,,PERMEN,,search:ketenagakerjaan,0.0865452,"PERMEN Peraturan Menteri Nomor No 11 Tahun 2020 Peraturan Menteri Nomor 11 Tahun 2020 tentang PERUBAHAN ATAS PERATURAN MENTERI KETENAGAKERJAAN NOMOR 14 TAHUN 2019 TENTANG PEDOMAN PENERAPAN, PENILAIAN, DAN REVIU PENGENDALIAN INTERN ATAS PELAPORAN KEUANGAN KEMENTERIAN KETENAGAKERJAAN PERUBAHAN ATAS PERATURAN ... MENTERI KETENAGAKERJAAN NOMOR 14 TAHUN 2019 TENTANG PEDOMAN PENERAPAN, PENILAIAN, DAN REVIU PENGENDALIAN INTERN ATAS PELAPORAN KEUANGAN KEMENTERIAN KETENAGAKERJAAN",H4
,/akn/id/act/permenaker/2020/13,Peraturan Menteri Nomor 13 Tahun 2020 tentang PERUBAHAN KEDUA ATAS PERATURAN MENTERI KETENAGAKERJAAN NOMOR 3 TAHUN 2020 TENTANG PEDOMAN PENYALURAN BANTUAN PEMERINTAH DI KEMENTERIAN KETENAGAKERJAAN TAHUN ANGGARAN 2020,13,2020,berlaku,,PERMEN,,search:ketenagakerjaan,0.0865452,Peraturan Menteri Nomor No 13 Tahun 2020 Peraturan Menteri Nomor 13 Tahun 2020 tentang PERUBAHAN KEDUA ATAS PERATURAN MENTERI KETENAGAKERJAAN NOMOR 3 TAHUN 2020 TENTANG PEDOMAN PENYALURAN BANTUAN PEMERINTAH DI KEMENTERIAN KETENAGAKERJAAN TAHUN ANGGARAN 2020 PERUBAHAN KEDUA ATAS PERATURAN MENTERI ... KETENAGAKERJAAN NOMOR 3 TAHUN 2020 TENTANG PEDOMAN PENYALURAN BANTUAN PEMERINTAH DI KEMENTERIAN KETENAGAKERJAAN TAHUN ANGGARAN,H4
,/akn/id/act/permenaker/2016/25,Peraturan Menteri Nomor 25 Tahun 2016 tentang Perubahan atas Peraturan Menteri Ketenagakerjaan Nomor 13 Tahun 2016 tentang Pedoman Akuntansi Berbasis Akrual dan Pelaporan Keuangan di Kementerian Ketenagakerjaan,25,2016,berlaku,,PERMEN,,search:ketenagakerjaan,0.0865452,PERMEN Peraturan Menteri Nomor No 25 Tahun 2016 Peraturan Menteri Nomor 25 Tahun 2016 tentang Perubahan atas Peraturan Menteri Ketenagakerjaan Nomor 13 Tahun 2016 tentang Pedoman Akuntansi Berbasis Akrual dan Pelaporan Keuangan di Kementerian Ketenagakerjaan Perubahan atas Peraturan Menteri Ketenagakerjaan ... Nomor 13 Tahun 2016 tentang Pedoman Akuntansi Berbasis Akrual dan Pelaporan Keuangan di Kementerian Ketenagakerjaan,H4
,/akn/id/act/permen-p2mi/2026/1,Peraturan Menteri Nomor 1 Tahun 2026 tentang Atase Ketenagakerjaan dan Staf Teknis Ketenagakerjaan pada Perwakilan Republik Indonesia di Luar Negeri,1,2026,berlaku,,PERMEN,,search:ketenagakerjaan,0.0865452,PERMEN Peraturan Menteri Nomor No 1 Tahun 2026 Peraturan Menteri Nomor 1 Tahun 2026 tentang Atase Ketenagakerjaan dan Staf Teknis Ketenagakerjaan pada Perwakilan Republik Indonesia di Luar Negeri Atase Ketenagakerjaan dan Staf Teknis Ketenagakerjaan pada Perwakilan Republik Indonesia di Luar,H4
,/akn/id/act/permenaker/2017/17,Peraturan Menteri Nomor 17 Tahun 2017 tentang Perubahan Atas Peraturan Menteri Ketenagakerjaan Nomor 25 Tahun 2015 tentang Pedoman Pengendalian Gratifikasi Bagi Pegawai Aparatur Sipil Negara dan Penyelenggara Negara di Kementerian Ketenagakerjaan,17,2017,berlaku,,PERMEN,,search:ketenagakerjaan,0.0865452,PERMEN Peraturan Menteri Nomor No 17 Tahun 2017 Peraturan Menteri Nomor 17 Tahun 2017 tentang Perubahan Atas Peraturan Menteri Ketenagakerjaan Nomor 25 Tahun 2015 tentang Pedoman Pengendalian Gratifikasi Bagi Pegawai Aparatur Sipil Negara dan Penyelenggara Negara di Kementerian Ketenagakerjaan Perubahan ... Atas Peraturan Menteri Ketenagakerjaan Nomor 25 Tahun 2015 tentang Pedoman Pengendalian Gratifikasi Bagi Pegawai Aparatur Sipil Negara dan Penyelenggara Negara di Kementerian Ketenagakerjaan,H2; H4
,/akn/id/act/permenaker/2018/13,Peraturan Menteri Nomor 13 Tahun 2018 tentang Perubahan Kedua atas Peraturan Menteri Ketenagakerjaan Nomor 19 Tahun 2017 tentang Pedoman Penyaluran Bantuan Pemerintah di Kementerian Ketenagakerjaan,13,2018,berlaku,,PERMEN,,search:ketenagakerjaan,0.0865452,Peraturan Menteri Nomor No 13 Tahun 2018 Peraturan Menteri Nomor 13 Tahun 2018 tentang Perubahan Kedua atas Peraturan Menteri Ketenagakerjaan Nomor 19 Tahun 2017 tentang Pedoman Penyaluran Bantuan Pemerintah di Kementerian Ketenagakerjaan Perubahan Kedua atas Peraturan Menteri Ketenagakerjaan Nomor ... Tahun 2017 tentang Pedoman Penyaluran Bantuan Pemerintah di Kementerian Ketenagakerjaan,H4
,/akn/id/act/permenaker/2026/1,Peraturan Menteri Nomor 1 Tahun 2026 tentang Pencabutan Peraturan Menteri Ketenagakerjaan Nomor 9 Tahun 2021 tentang Uraian Fungsi Organisasi Jabatan Pimpinan Tinggi Pratama dan Tugas Koordinator Jabatan Funsgional di Lingkungan Kementerian Ketenagakerjaan,1,2026,berlaku,,PERMEN,,search:ketenagakerjaan,0.0865452,PERMEN Peraturan Menteri Nomor No 1 Tahun 2026 Peraturan Menteri Nomor 1 Tahun 2026 tentang Pencabutan Peraturan Menteri Ketenagakerjaan Nomor 9 Tahun 2021 tentang Uraian Fungsi Organisasi Jabatan Pimpinan Tinggi Pratama dan Tugas Koordinator Jabatan Funsgional di Lingkungan Kementerian Ketenagakerjaan ... Pencabutan Peraturan Menteri Ketenagakerjaan Nomor 9 Tahun 2021 tentang Uraian Fungsi Organisasi Jabatan Pimpinan Tinggi Pratama dan Tugas Koordinator Jabatan Funsgional di Lingkungan Kementerian Ketenagakerjaan,H4
,/akn/id/act/peraturan-bpjs-ketenagakerjaan/2016/01,Peraturan Badan Nomor 01 Tahun 2016 tentang TATA CARA PENDAFTARAN KEPESERTAAN BAGI PEMBERI KERJA DAN PEKERJA PENERIMA UPAH PROGRAM JAMINAN SOSIAL KETENAGAKERJAAN PADA KANAL PELAYANAN BPJS KETENAGAKERJAAN,01,2016,berlaku,,PERBAN,,search:ketenagakerjaan,0.0865452,Nomor 01 Tahun 2016 tentang TATA CARA PENDAFTARAN KEPESERTAAN BAGI PEMBERI KERJA DAN PEKERJA PENERIMA UPAH PROGRAM JAMINAN SOSIAL KETENAGAKERJAAN PADA KANAL PELAYANAN BPJS KETENAGAKERJAAN TATA CARA PENDAFTARAN KEPESERTAAN BAGI PEMBERI KERJA DAN PEKERJA PENERIMA UPAH PROGRAM JAMINAN SOSIAL KETENAGAKERJAAN ... PADA KANAL PELAYANAN BPJS KETENAGAKERJAAN,H4
,/akn/id/act/permenaker/2019/4,Peraturan Menteri Nomor 4 Tahun 2019 tentang PERUBAHAN ATAS PERATURAN MENTERI KETENAGAKERJAAN NOMOR 18 TAHUN 2017 TENTANG TATA CARA WAJIB LAPOR KETENAGAKERJAAN DI PERUSAHAAN DALAM JARINGAN,4,2019,berlaku,,PERMEN,,search:ketenagakerjaan,0.0865452,PERMEN Peraturan Menteri Nomor No 4 Tahun 2019 Peraturan Menteri Nomor 4 Tahun 2019 tentang PERUBAHAN ATAS PERATURAN MENTERI KETENAGAKERJAAN NOMOR 18 TAHUN 2017 TENTANG TATA CARA WAJIB LAPOR KETENAGAKERJAAN DI PERUSAHAAN DALAM JARINGAN PERUBAHAN ATAS PERATURAN MENTERI KETENAGAKERJAAN NOMOR ... TAHUN 2017 TENTANG TATA CARA WAJIB LAPOR KETENAGAKERJAAN DI PERUSAHAAN DALAM JARINGAN,H4
,/akn/id/act/permenaker/2018/8,Peraturan Menteri Nomor 8 Tahun 2018 tentang Perubahan Atas Peraturan Menteri Ketenagakerjaan Nomor 13 Tahun 2015 tentang Organisasi dan Tata Kerja Kementerian Ketenagakerjaan,8,2018,berlaku,,PERMEN,,search:ketenagakerjaan,0.0865452,PERMEN Peraturan Menteri Nomor No 8 Tahun 2018 Peraturan Menteri Nomor 8 Tahun 2018 tentang Perubahan Atas Peraturan Menteri Ketenagakerjaan Nomor 13 Tahun 2015 tentang Organisasi dan Tata Kerja Kementerian Ketenagakerjaan Perubahan Atas Peraturan Menteri Ketenagakerjaan Nomor 13 Tahun ... tentang Organisasi dan Tata Kerja Kementerian Ketenagakerjaan,H4
,/akn/id/act/uu/1995/1,Undang-Undang Nomor 1 Tahun 1995 tentang Perseroan Terbatas,1,1995,tidak_berlaku,,UU,,search:perseroan terbatas,0.340005,Undang-Undang Nomor No 1 Tahun 1995 Undang-Undang Nomor 1 Tahun 1995 tentang Perseroan Terbatas PERSEROAN TERBATAS,H1
,/akn/id/act/pp/1999/96,"Peraturan Pemerintah Nomor 96 Tahun 1999 tentang Pengalihan Kedudukan, Tugas Dan Kewenangan Menteri Keuangan Selaku Rapat Umum Pemegang Saham (Rups) Atau Pemegang Saham Pada Perusahaan Perseroan (Persero) Dan Perseroan Terbatas Yang Sebagian Sahamnya Dimiliki Oleh Negara Republik Indonesia Kepada Menteri Negara Penanaman Modal Dan Pembinaan Badan Usaha Milik Negara",96,1999,tidak_berlaku,,PP,,search:perseroan terbatas,0.458697,"Tugas Dan Kewenangan Menteri Keuangan Selaku Rapat Umum Pemegang Saham (Rups) Atau Pemegang Saham Pada Perusahaan Perseroan (Persero) Dan Perseroan Terbatas Yang Sebagian Sahamnya Dimiliki Oleh Negara Republik Indonesia Kepada Menteri Negara Penanaman Modal Dan Pembinaan Badan Usaha Milik Negara ... TUGAS, DAN KEWENANGAN MENTERI KEUANGAN SELAKU RAPAT UMUM PEMEGANG SAHAM (RUPS) ATAU PEMEGANG SAHAM PADA PERUSAHAAN PERSEROAN (PERSERO) DAN PERSEROAN TERBATAS YANG SEBAGIAN SAHAMNYA DIMILIKI OLEH NEGARA RI KEPADA MENTERI NEGARA PENANAMAN MODAL DAN PEMBINAAN BADAN USAHA MILIK NEGARA",H1
,/akn/id/act/pp/2000/1,"Peraturan Pemerintah Nomor 1 Tahun 2000 tentang Perubahan atas Peraturan Pemerintah Nomor 98 Tahun 1999 tentang Pengalihan Kedudukan, Tugas Dan Kewenangan Menteri Keuangan Selaku Rapat Umum Pemegang Saham (RUPS) atau Pemegang Saham Pada Perusahaan Perseroan (Persero) dan Perseroan Terbatas yang Sebagian Sahamnya Dimiliki Oleh Negara Republik Indonesia Kepada Menteri Negara Penanaman Modal dan Pembinaan Badan Usaha Milik Negara",1,2000,tidak_berlaku,,PP,,search:perseroan terbatas,0.458695,"Tugas Dan Kewenangan Menteri Keuangan Selaku Rapat Umum Pemegang Saham (RUPS) atau Pemegang Saham Pada Perusahaan Perseroan (Persero) dan Perseroan Terbatas yang Sebagian Sahamnya Dimiliki Oleh Negara Republik Indonesia Kepada Menteri Negara Penanaman Modal dan Pembinaan Badan Usaha Milik Negara ... TENTANG PENGALIHAN KEDUDUKAN, TUGAS DAN KEWENANGAN MENTERI KEUANGAN SELAKU RAPAT UMUM PEMEGANG SAHAM PADA PERUSAHAAN PERSEROAN (PERSERO) DAN PERSEROAN TERBATAS YANG SEBAGIAN SAHAMNYA DIMILIKI OLEH NEGARA RI KEPADA MENTERI NEGARA PENANAMAN MODAL DAN PEMBINAAN BADAN USAHA MILIK NEGARA",H1
,/akn/id/act/pp/2000/48,"Peraturan Pemerintah Nomor 48 Tahun 2000 tentang Perubahan Kedua Atas Peraturan Pemerintah Nomor 98 Tahun 1999 Tentang Pengalihan  Kedudukan, Tugas, dan Kewenangan Menteri Keuangan Selaku Rapat Umum Pemegang Saham (RUPS) Atau Pemegang Saham Pada Perusahaan Perseroan (Persero) dan Perseroan Terbatas yang Sebagian Sahamnya Dimiliki Oleh Negara Republik Indonesia Kepada Menteri Negara Penanaman Modal dan Pembinaan Badan Usaha Milik Negara",48,2000,tidak_berlaku,,PP,,search:perseroan terbatas,0.458692,"Tugas, dan Kewenangan Menteri Keuangan Selaku Rapat Umum Pemegang Saham (RUPS) Atau Pemegang Saham Pada Perusahaan Perseroan (Persero) dan Perseroan Terbatas yang Sebagian Sahamnya Dimiliki Oleh Negara Republik Indonesia Kepada Menteri Negara Penanaman Modal dan Pembinaan Badan Usaha Milik Negara ... TUGAS, DAN KEWENANGAN MENTERI KEUANGAN SELAKU RAPAT UMUM PEMEGANG SAHAM (RUPS) ATAU PEMEGANG SAHAM PADA PERUSAHAAN PERSEROAN (PERSERO) DAN PERSEROAN TERBATAS YANG SEBAGIAN SAHAMNYA DIMILIKI OLEH NEGARA RI KEPADA MENTERI NEGARA PENANAMAN MODAL DAN PEMBINAAN BADAN USAHA MILIK NEGARA",H1
,/akn/id/act/pp/1999/98,"Peraturan Pemerintah Nomor 98 Tahun 1999 tentang Pengalihan Kedudukan, Tugas, Dan Kewenangan Menteri Keuangan Selaku Rapat Umum Pemegang Saham (Rups) Atau Pemegang Saham Pada Perusahaan Perseroan (Persero) Dan Perseroan Terbatas Yang Sebagian Sahamnya Dimiliki Oleh Negara Republik Indonesia Kepada Menteri Negara Penanaman Modal Dan Pembinaan Badan Usaha Milik Negara",98,1999,tidak_berlaku,,PP,,search:perseroan terbatas,0.337182,"Tugas, Dan Kewenangan Menteri Keuangan Selaku Rapat Umum Pemegang Saham (Rups) Atau Pemegang Saham Pada Perusahaan Perseroan (Persero) Dan Perseroan Terbatas Yang Sebagian Sahamnya Dimiliki Oleh Negara Republik Indonesia Kepada Menteri Negara Penanaman Modal Dan Pembinaan Badan Usaha Milik Negara ... PENGALIHAN KEDUDUKAN, TUGAS, DAN KEWENANGAN MENTERI KEUANGAN SELAKU RAPAT UMUM PEMEGANG SAHAM (RUPS) ATAU PEMEGANG SAHAM PADA PERUSAHAAN PERSEROAN TERBATAS YANG SEBAGIAN SAHAMNYA DIMILIKI OLEH NEGARA RI KEPADA MENTERI NEGARA PENANAMAN MODAL DAN PEMBINAAN BADAN USAHA MILIK NEGARA",H1
,/akn/id/act/pp/2016/7,Peraturan Pemerintah Nomor 7 Tahun 2016 tentang Perubahan Modal Dasar Perseroan Terbatas,7,2016,tidak_berlaku,,PP,,search:perseroan terbatas,0.328321,Peraturan Pemerintah Nomor No 7 Tahun 2016 Peraturan Pemerintah Nomor 7 Tahun 2016 tentang Perubahan Modal Dasar Perseroan Terbatas PERUBAHAN MODAL DASAR PERSEROAN TERBATAS,H1
,/akn/id/act/pp/2016/29,Peraturan Pemerintah Nomor 29 Tahun 2016 tentang Perubahan Modal Dasar Perseroan Terbatas,29,2016,tidak_berlaku,,PP,,search:perseroan terbatas,0.328321,Peraturan Pemerintah Nomor No 29 Tahun 2016 Peraturan Pemerintah Nomor 29 Tahun 2016 tentang Perubahan Modal Dasar Perseroan Terbatas PERUBAHAN MODAL DASAR PERSEROAN TERBATAS,H1
,/akn/id/act/pp/1970/8,"Peraturan Pemerintah Nomor 8 Tahun 1970 tentang Penyertaan Negara Dalam Perseroan Terbatas ""Indonesian Plantations"" (P.T. Indoplant)",8,1970,tidak_berlaku,,PP,,search:perseroan terbatas,0.270901,"Peraturan Pemerintah Nomor No 8 Tahun 1970 Peraturan Pemerintah Nomor 8 Tahun 1970 tentang Penyertaan Negara Dalam Perseroan Terbatas ""Indonesian Plantations"" (P.T. Indoplant) PENYERTAAN NEGARA DALAM PERSEROAN TERBATAS ""INDONESIAN PLANTATIONS"" (P.T. INDOPLANT",H1
,/akn/id/act/pp/1977/3,Peraturan Pemerintah Nomor 3 Tahun 1977 tentang Penyertaan Modal Negara Republik Indonesia Dalam Perseroan Terbatas Pelita Bahari,3,1977,tidak_berlaku,,PP,,search:perseroan terbatas,0.253214,Pemerintah Nomor No 3 Tahun 1977 Peraturan Pemerintah Nomor 3 Tahun 1977 tentang Penyertaan Modal Negara Republik Indonesia Dalam Perseroan Terbatas Pelita Bahari PENYERTAAN MODAL NEGARA REPUBLIK INDONESIA DALAM PERSEROAN TERBATAS PELITA BAHARI,H1
,/akn/id/act/pp/2021/5,Peraturan Pemerintah Nomor 5 Tahun 2021 tentang Penyelenggaraan Perizinan Berusaha Berbasis Risiko,5,2021,tidak_berlaku,,PP,,search:pencabutan izin,0.244258,"Pemegang Perizinan Berusaha untuk menggunakan sumber daya air dikenakan pencabutan Perizinan Berusaha dilakukan dalam hal:
a. pemegang Perizinan Berusaha tidak melaksanakan ketentuan dan kewajiban yang tercantum dalam Perizinan Berusaha; atau
b.  pemegang Perizinan Berusaha melakukan penyalahgunaan Perizinan Berusaha.
(2)  Dalam ... Perizinan Berusaha memerlukan konstruksi pada sumber air, selain ketentuan pencabutan Perizinan Berusaha sebagaimana dimaksud pada ayat
(1), pencabutan Perizinan Berusaha juga dilakukan apabila:
a. pelaksanaan konstruksi tidak sesuai dengan ketentuan dalam Perizinan Berusaha; atau
b.  pemegang Perizinan Berusaha tidak melaksanakan",H3
,/akn/id/act/permen-lhk/2016/p-74-menlhk-setjen-kum-1-8-2016,Peraturan Menteri Nomor p-74-menlhk-setjen-kum-1-8-2016 Tahun 2016 tentang Pedoman Nomenklatur Perangkat Daerah Provinsi dan Kabupaten/Kota yang Melaksanakan Urusan Pemerintahan Bidang Lingkungan Hidup dan Urusan Pemerintahan Bidang Kehutanan,p-74-menlhk-setjen-kum-1-8-2016,2016,berlaku,,PERMEN,,search:pencabutan izin,0.45012,"perselisihan pengelolaan sampah antar Kabupaten/kota) ;
5) Penyusunan kebijakan perizinan pengumpulan dan pengangkutan limbah B3 (pengajuan, perpanjangan, perubahan dan pencabutan) ;
6) Pelaksanaan perizinan bagi pengumpul limbah B3 ;
7) Pelaksanaan perizinan pengangkutan Limbah B3 menggunakan alat angkut roda 3 (tiga) dilakukan lintas ... Subbidang /seksi 2, melaksanakan tugas:
a) Penyusunan kebijakan perizinan pengumpulan dan pengangkutan limbah B3 (pengajuan, perpanjangan, perubahan dan pencabutan);
b) Pelaksanaan perizinan bagi pengumpul limbah B3;
c) Pelaksanaan perizinan pengangkutan Limbah B3 menggunakan alat angkut roda 3 (tiga) dilakukan lintas",H4
,/akn/id/act/perda-kabupaten-bangka-tengah/2011/48,Peraturan Daerah Nomor 48 Tahun 2011 tentang RENCANA TATA RUANG WILAYAH KABUPATEN BANGKA TENGAH 2011-2031,48,2011,berlaku,,PERDA,,search:pencabutan izin,0.427228,"Pencabutan izin dilakukan melalui langkah-langkah sebagai berikut :
a. menerbitkan surat pemberitahuan sekaligus pencabutan izin oleh pejabat yang berwenang melakukan penertiban pelanggaran pemanfaatan ruang;
b. apabila pelanggar mengabaikan surat pemberitahuan yang disampaikan, pejabat yang berwenang menerbitkan surat keputusan pengenaan sanksi ... pencabutan izin pemanfaatan ruang;
c. pejabat yang berwenang memberitahukan kepada pelanggar mengenai pengenaan sanksi pencabutan izin;









d. pejabat yang berwenang melakukan tindakan penertiban mengajukan permohonan pencabutan izin kepada pejabat yang memiliki kewenangan untuk melakukan pencabutan izin;
e. pejabat yang memiliki",H4
,/akn/id/act/perda-kabupaten-pesawaran/2012/4,Peraturan Daerah Nomor 4 Tahun 2012 tentang RENCANA TATA RUANG WILAYAH  KABUPATEN PESAWARAN,4,2012,berlaku,,PERDA,,search:pencabutan izin,0.425629,"Pencabutan izin sebagaimana dimaksud pada ayat (4) huruf e dilakukan melalui langkah-langkah sebagai berikut:
a. Menerbitkan surat pemberitahuan sekaligus pencabutan izin oleh pejabat yang berwenang melakukan penertiban pelanggaran pemanfaatan ruang;
b. Apabila pelanggar mengabaikan surat pemberitahuan yang disampaikan, pejabat ... yang berwenang menerbitkan surat keputusan pengenaan sanksi pencabutan izin pemanfaatan ruang;
c. Pejabat yang berwenang memberitahukan kepada pelanggar mengenai  pengenaan sanksi pencabutan izin;
d. Pejabat yang berwenang melakukan tindakan penertiban mengajukan  permohonan pencabutan izin kepada pejabat yang memiliki kewenangan untuk",H4
